dataset,condition,layer,relative_depth,mean,sem,count,metric
Baseline 200,7B 40Pred untrained,0,0.0,0.0012071571386931,0.030379559784617,8,mean participant-level r_cv_norm in language fROIs
Baseline 200,7B 40Pred untrained,1,0.0104166666666666,0.0002302365015151,0.0237069281904203,8,mean participant-level r_cv_norm in language fROIs
Baseline 200,7B 40Pred untrained,2,0.0208333333333333,0.0238522256565258,0.0197829592169146,8,mean participant-level r_cv_norm in language fROIs
Baseline 200,7B 40Pred untrained,3,0.03125,0.0367551737891006,0.0218775648633421,8,mean participant-level r_cv_norm in language fROIs
Baseline 200,7B 40Pred untrained,4,0.0416666666666666,0.0440269232147154,0.0227356526027242,8,mean participant-level r_cv_norm in language fROIs
Baseline 200,7B 40Pred untrained,5,0.0520833333333333,0.0395402277630953,0.0252263543872618,8,mean participant-level r_cv_norm in language fROIs
Baseline 200,7B 40Pred untrained,6,0.0625,0.0264266900189345,0.0238913546795096,8,mean participant-level r_cv_norm in language fROIs
Baseline 200,7B 40Pred untrained,7,0.0729166666666666,0.0122318924110513,0.0221099352930571,8,mean participant-level r_cv_norm in language fROIs
Baseline 200,7B 40Pred untrained,8,0.0833333333333333,0.014407452332365,0.0242417751893363,8,mean participant-level r_cv_norm in language fROIs
Baseline 200,7B 40Pred untrained,9,0.09375,0.0109243109663279,0.0251268864201842,8,mean participant-level r_cv_norm in language fROIs
Baseline 200,7B 40Pred untrained,10,0.1041666666666666,0.0181039058937406,0.0270320514264747,8,mean participant-level r_cv_norm in language fROIs
Baseline 200,7B 40Pred untrained,11,0.1145833333333333,0.0178920499238644,0.0269593613479691,8,mean participant-level r_cv_norm in language fROIs
Baseline 200,7B 40Pred untrained,12,0.125,0.0280950922174725,0.0257284983552428,8,mean participant-level r_cv_norm in language fROIs
Baseline 200,7B 40Pred untrained,13,0.1354166666666666,0.0307294828136246,0.02645227827607,8,mean participant-level r_cv_norm in language fROIs
Baseline 200,7B 40Pred untrained,14,0.1458333333333333,0.0320970977897341,0.0252809239424031,8,mean participant-level r_cv_norm in language fROIs
Baseline 200,7B 40Pred untrained,15,0.15625,0.0344267569513685,0.0253381146961118,8,mean participant-level r_cv_norm in language fROIs
Baseline 200,7B 40Pred untrained,16,0.1666666666666666,0.0281103853503967,0.0274105166408828,8,mean participant-level r_cv_norm in language fROIs
Baseline 200,7B 40Pred untrained,17,0.1770833333333333,0.0353479776183328,0.0273441208304071,8,mean participant-level r_cv_norm in language fROIs
Baseline 200,7B 40Pred untrained,18,0.1875,0.0415276688617024,0.026408988482171,8,mean participant-level r_cv_norm in language fROIs
Baseline 200,7B 40Pred untrained,19,0.1979166666666666,0.0451415306417586,0.0263974204608478,8,mean participant-level r_cv_norm in language fROIs
Baseline 200,7B 40Pred untrained,20,0.2083333333333333,0.0422698511091652,0.0267185445293092,8,mean participant-level r_cv_norm in language fROIs
Baseline 200,7B 40Pred untrained,21,0.21875,0.0416873018765299,0.0284366563982185,8,mean participant-level r_cv_norm in language fROIs
Baseline 200,7B 40Pred untrained,22,0.2291666666666666,0.0439468794775039,0.0297030315618206,8,mean participant-level r_cv_norm in language fROIs
Baseline 200,7B 40Pred untrained,23,0.2395833333333333,0.0469779486610967,0.0293840587936467,8,mean participant-level r_cv_norm in language fROIs
Baseline 200,7B 40Pred untrained,24,0.25,0.0537194140845551,0.0297847943379646,8,mean participant-level r_cv_norm in language fROIs
Baseline 200,7B 40Pred untrained,25,0.2604166666666667,0.0562764913885774,0.029261909099442,8,mean participant-level r_cv_norm in language fROIs
Baseline 200,7B 40Pred untrained,26,0.2708333333333333,0.0557445432042577,0.0302225741753559,8,mean participant-level r_cv_norm in language fROIs
Baseline 200,7B 40Pred untrained,27,0.28125,0.0492679795909671,0.0308008798551446,8,mean participant-level r_cv_norm in language fROIs
Baseline 200,7B 40Pred untrained,28,0.2916666666666667,0.0541882210249115,0.0309285682609491,8,mean participant-level r_cv_norm in language fROIs
Baseline 200,7B 40Pred untrained,29,0.3020833333333333,0.0555763482117103,0.0317982930580598,8,mean participant-level r_cv_norm in language fROIs
Baseline 200,7B 40Pred untrained,30,0.3125,0.0539939832181994,0.0323872579030586,8,mean participant-level r_cv_norm in language fROIs
Baseline 200,7B 40Pred untrained,31,0.3229166666666667,0.0546353592000179,0.0327971026183409,8,mean participant-level r_cv_norm in language fROIs
Baseline 200,7B 40Pred untrained,32,0.3333333333333333,0.0550437088323612,0.0336333822451844,8,mean participant-level r_cv_norm in language fROIs
Baseline 200,7B 40Pred untrained,33,0.34375,0.0531842101663871,0.0324631014428387,8,mean participant-level r_cv_norm in language fROIs
Baseline 200,7B 40Pred untrained,34,0.3541666666666667,0.0512447527219152,0.0333499425231952,8,mean participant-level r_cv_norm in language fROIs
Baseline 200,7B 40Pred untrained,35,0.3645833333333333,0.0520026304798778,0.0330376632150092,8,mean participant-level r_cv_norm in language fROIs
Baseline 200,7B 40Pred untrained,36,0.375,0.0475156932469654,0.0315536550183272,8,mean participant-level r_cv_norm in language fROIs
Baseline 200,7B 40Pred untrained,37,0.3854166666666667,0.0472708882449347,0.031537967301165,8,mean participant-level r_cv_norm in language fROIs
Baseline 200,7B 40Pred untrained,38,0.3958333333333333,0.04449279954177,0.0313517330214027,8,mean participant-level r_cv_norm in language fROIs
Baseline 200,7B 40Pred untrained,39,0.40625,0.0480545288351269,0.0316174857405188,8,mean participant-level r_cv_norm in language fROIs
Baseline 200,7B 40Pred untrained,40,0.4166666666666667,0.0468314893942046,0.0316083245719874,8,mean participant-level r_cv_norm in language fROIs
Baseline 200,7B 40Pred untrained,41,0.4270833333333333,0.0484168287883482,0.0319960370090021,8,mean participant-level r_cv_norm in language fROIs
Baseline 200,7B 40Pred untrained,42,0.4375,0.0494599665760407,0.0313757225978217,8,mean participant-level r_cv_norm in language fROIs
Baseline 200,7B 40Pred untrained,43,0.4479166666666667,0.0521009932754372,0.0317618713226518,8,mean participant-level r_cv_norm in language fROIs
Baseline 200,7B 40Pred untrained,44,0.4583333333333333,0.0494143978602521,0.0311010658426276,8,mean participant-level r_cv_norm in language fROIs
Baseline 200,7B 40Pred untrained,45,0.46875,0.0513259851210084,0.0317635921045086,8,mean participant-level r_cv_norm in language fROIs
Baseline 200,7B 40Pred untrained,46,0.4791666666666667,0.0529737060231814,0.0314426180896078,8,mean participant-level r_cv_norm in language fROIs
Baseline 200,7B 40Pred untrained,47,0.4895833333333333,0.0529742119714856,0.0319156713499331,8,mean participant-level r_cv_norm in language fROIs
Baseline 200,7B 40Pred untrained,48,0.5,0.0497235388757095,0.0322776488170764,8,mean participant-level r_cv_norm in language fROIs
Baseline 200,7B 40Pred untrained,49,0.5104166666666666,0.0493328461912039,0.0322173928612754,8,mean participant-level r_cv_norm in language fROIs
Baseline 200,7B 40Pred untrained,50,0.5208333333333334,0.0518692198317569,0.0318359516371095,8,mean participant-level r_cv_norm in language fROIs
Baseline 200,7B 40Pred untrained,51,0.53125,0.0513663136286035,0.032116561415155,8,mean participant-level r_cv_norm in language fROIs
Baseline 200,7B 40Pred untrained,52,0.5416666666666666,0.0536784160070626,0.032326189276246,8,mean participant-level r_cv_norm in language fROIs
Baseline 200,7B 40Pred untrained,53,0.5520833333333334,0.0554546890648387,0.0320268788424343,8,mean participant-level r_cv_norm in language fROIs
Baseline 200,7B 40Pred untrained,54,0.5625,0.0529385422465501,0.0324855840244408,8,mean participant-level r_cv_norm in language fROIs
Baseline 200,7B 40Pred untrained,55,0.5729166666666666,0.0496068684889662,0.0325988879081059,8,mean participant-level r_cv_norm in language fROIs
Baseline 200,7B 40Pred untrained,56,0.5833333333333334,0.0501092811545858,0.0329225282521184,8,mean participant-level r_cv_norm in language fROIs
Baseline 200,7B 40Pred untrained,57,0.59375,0.0518190535065141,0.0332523994785212,8,mean participant-level r_cv_norm in language fROIs
Baseline 200,7B 40Pred untrained,58,0.6041666666666666,0.050349077624112,0.0327223593813241,8,mean participant-level r_cv_norm in language fROIs
Baseline 200,7B 40Pred untrained,59,0.6145833333333334,0.0489200408087124,0.0330857641785323,8,mean participant-level r_cv_norm in language fROIs
Baseline 200,7B 40Pred untrained,60,0.625,0.0479061539509526,0.032273156388691,8,mean participant-level r_cv_norm in language fROIs
Baseline 200,7B 40Pred untrained,61,0.6354166666666666,0.0478805630309987,0.0325536131821059,8,mean participant-level r_cv_norm in language fROIs
Baseline 200,7B 40Pred untrained,62,0.6458333333333334,0.0480981595853323,0.0327669233701495,8,mean participant-level r_cv_norm in language fROIs
Baseline 200,7B 40Pred untrained,63,0.65625,0.0477721819282,0.0324304918601477,8,mean participant-level r_cv_norm in language fROIs
Baseline 200,7B 40Pred untrained,64,0.6666666666666666,0.0476933889010987,0.0321742861788324,8,mean participant-level r_cv_norm in language fROIs
Baseline 200,7B 40Pred untrained,65,0.6770833333333334,0.0477244334453667,0.0320646894013864,8,mean participant-level r_cv_norm in language fROIs
Baseline 200,7B 40Pred untrained,66,0.6875,0.0464442883104994,0.0322486630668555,8,mean participant-level r_cv_norm in language fROIs
Baseline 200,7B 40Pred untrained,67,0.6979166666666666,0.0460250029662949,0.0315898170116095,8,mean participant-level r_cv_norm in language fROIs
Baseline 200,7B 40Pred untrained,68,0.7083333333333334,0.049193513532512,0.0309470340374288,8,mean participant-level r_cv_norm in language fROIs
Baseline 200,7B 40Pred untrained,69,0.71875,0.0489252873215367,0.0316080033482652,8,mean participant-level r_cv_norm in language fROIs
Baseline 200,7B 40Pred untrained,70,0.7291666666666666,0.0476489585484307,0.0314116153263964,8,mean participant-level r_cv_norm in language fROIs
Baseline 200,7B 40Pred untrained,71,0.7395833333333334,0.0478719801621046,0.0312421976606184,8,mean participant-level r_cv_norm in language fROIs
Baseline 200,7B 40Pred untrained,72,0.75,0.0487305280458457,0.0315200737401957,8,mean participant-level r_cv_norm in language fROIs
Baseline 200,7B 40Pred untrained,73,0.7604166666666666,0.0479047108038898,0.0318796506654961,8,mean participant-level r_cv_norm in language fROIs
Baseline 200,7B 40Pred untrained,74,0.7708333333333334,0.0513701724672784,0.0319816435233669,8,mean participant-level r_cv_norm in language fROIs
Baseline 200,7B 40Pred untrained,75,0.78125,0.0487527556511494,0.0321703086286694,8,mean participant-level r_cv_norm in language fROIs
Baseline 200,7B 40Pred untrained,76,0.7916666666666666,0.0465661216606407,0.0322709027311482,8,mean participant-level r_cv_norm in language fROIs
Baseline 200,7B 40Pred untrained,77,0.8020833333333334,0.047067148729437,0.0322274205368822,8,mean participant-level r_cv_norm in language fROIs
Baseline 200,7B 40Pred untrained,78,0.8125,0.0492429744730919,0.0326307879659575,8,mean participant-level r_cv_norm in language fROIs
Baseline 200,7B 40Pred untrained,79,0.8229166666666666,0.0499886049522622,0.0324478201069581,8,mean participant-level r_cv_norm in language fROIs
Baseline 200,7B 40Pred untrained,80,0.8333333333333334,0.0510508995948592,0.0323274285554495,8,mean participant-level r_cv_norm in language fROIs
Baseline 200,7B 40Pred untrained,81,0.84375,0.0512688068433206,0.0322507528465569,8,mean participant-level r_cv_norm in language fROIs
Baseline 200,7B 40Pred untrained,82,0.8541666666666666,0.0520277775138717,0.0319807402583331,8,mean participant-level r_cv_norm in language fROIs
Baseline 200,7B 40Pred untrained,83,0.8645833333333334,0.053565549670205,0.0318007321503918,8,mean participant-level r_cv_norm in language fROIs
Baseline 200,7B 40Pred untrained,84,0.875,0.0508483595404776,0.0314039179436359,8,mean participant-level r_cv_norm in language fROIs
Baseline 200,7B 40Pred untrained,85,0.8854166666666666,0.0520240076002181,0.0310623890650727,8,mean participant-level r_cv_norm in language fROIs
Baseline 200,7B 40Pred untrained,86,0.8958333333333334,0.053172947470757,0.0312412931333983,8,mean participant-level r_cv_norm in language fROIs
Baseline 200,7B 40Pred untrained,87,0.90625,0.0532694124860597,0.0306961502769164,8,mean participant-level r_cv_norm in language fROIs
Baseline 200,7B 40Pred untrained,88,0.9166666666666666,0.0535723403993256,0.0311426033930086,8,mean participant-level r_cv_norm in language fROIs
Baseline 200,7B 40Pred untrained,89,0.9270833333333334,0.0530209546962398,0.0310013696532979,8,mean participant-level r_cv_norm in language fROIs
Baseline 200,7B 40Pred untrained,90,0.9375,0.053812202478741,0.0313720836092596,8,mean participant-level r_cv_norm in language fROIs
Baseline 200,7B 40Pred untrained,91,0.9479166666666666,0.0549912220292815,0.0312120492747522,8,mean participant-level r_cv_norm in language fROIs
Baseline 200,7B 40Pred untrained,92,0.9583333333333334,0.0561025868088877,0.0314340606761769,8,mean participant-level r_cv_norm in language fROIs
Baseline 200,7B 40Pred untrained,93,0.96875,0.0546297426708622,0.0316835219939941,8,mean participant-level r_cv_norm in language fROIs
Baseline 200,7B 40Pred untrained,94,0.9791666666666666,0.0559233470189809,0.0323355298327851,8,mean participant-level r_cv_norm in language fROIs
Baseline 200,7B 40Pred untrained,95,0.9895833333333334,0.0550818440886409,0.0323966810713019,8,mean participant-level r_cv_norm in language fROIs
Baseline 200,7B 40Pred untrained,96,1.0,0.0558424760392713,0.0320289087842778,8,mean participant-level r_cv_norm in language fROIs
Baseline 200,AuriStream-MTP 7B 40Pred,0,0.0,0.0214303172757486,0.032289576094498,8,mean participant-level r_cv_norm in language fROIs
Baseline 200,AuriStream-MTP 7B 40Pred,1,0.0104166666666666,0.0746955335926679,0.026501897280733,8,mean participant-level r_cv_norm in language fROIs
Baseline 200,AuriStream-MTP 7B 40Pred,2,0.0208333333333333,0.0717571306100171,0.0297951654744043,8,mean participant-level r_cv_norm in language fROIs
Baseline 200,AuriStream-MTP 7B 40Pred,3,0.03125,0.0745258774388987,0.0255848178120805,8,mean participant-level r_cv_norm in language fROIs
Baseline 200,AuriStream-MTP 7B 40Pred,4,0.0416666666666666,0.0681455475217808,0.0238927977940132,8,mean participant-level r_cv_norm in language fROIs
Baseline 200,AuriStream-MTP 7B 40Pred,5,0.0520833333333333,0.068767702548672,0.0222965074527625,8,mean participant-level r_cv_norm in language fROIs
Baseline 200,AuriStream-MTP 7B 40Pred,6,0.0625,0.0713117743984828,0.0221136125396333,8,mean participant-level r_cv_norm in language fROIs
Baseline 200,AuriStream-MTP 7B 40Pred,7,0.0729166666666666,0.0758523921413287,0.0234223510596683,8,mean participant-level r_cv_norm in language fROIs
Baseline 200,AuriStream-MTP 7B 40Pred,8,0.0833333333333333,0.0793184462221038,0.0240858937076315,8,mean participant-level r_cv_norm in language fROIs
Baseline 200,AuriStream-MTP 7B 40Pred,9,0.09375,0.0852600226955452,0.0226165494403462,8,mean participant-level r_cv_norm in language fROIs
Baseline 200,AuriStream-MTP 7B 40Pred,10,0.1041666666666666,0.0897472970838687,0.0223412013405015,8,mean participant-level r_cv_norm in language fROIs
Baseline 200,AuriStream-MTP 7B 40Pred,11,0.1145833333333333,0.0885764472432505,0.0227318908042287,8,mean participant-level r_cv_norm in language fROIs
Baseline 200,AuriStream-MTP 7B 40Pred,12,0.125,0.0839887152156207,0.0234113095198656,8,mean participant-level r_cv_norm in language fROIs
Baseline 200,AuriStream-MTP 7B 40Pred,13,0.1354166666666666,0.0810173537855874,0.0236953619850961,8,mean participant-level r_cv_norm in language fROIs
Baseline 200,AuriStream-MTP 7B 40Pred,14,0.1458333333333333,0.081319502153273,0.0232004579201014,8,mean participant-level r_cv_norm in language fROIs
Baseline 200,AuriStream-MTP 7B 40Pred,15,0.15625,0.0771066822892086,0.0244271546375482,8,mean participant-level r_cv_norm in language fROIs
Baseline 200,AuriStream-MTP 7B 40Pred,16,0.1666666666666666,0.0772653064115043,0.0238121591052575,8,mean participant-level r_cv_norm in language fROIs
Baseline 200,AuriStream-MTP 7B 40Pred,17,0.1770833333333333,0.0791524655735254,0.0223404161229348,8,mean participant-level r_cv_norm in language fROIs
Baseline 200,AuriStream-MTP 7B 40Pred,18,0.1875,0.0795585038765415,0.02212158154142,8,mean participant-level r_cv_norm in language fROIs
Baseline 200,AuriStream-MTP 7B 40Pred,19,0.1979166666666666,0.0782439589350047,0.0224979391617758,8,mean participant-level r_cv_norm in language fROIs
Baseline 200,AuriStream-MTP 7B 40Pred,20,0.2083333333333333,0.0774407195755698,0.0224684888533176,8,mean participant-level r_cv_norm in language fROIs
Baseline 200,AuriStream-MTP 7B 40Pred,21,0.21875,0.0792240098823384,0.0234982081229822,8,mean participant-level r_cv_norm in language fROIs
Baseline 200,AuriStream-MTP 7B 40Pred,22,0.2291666666666666,0.0805749066019229,0.0242895086293086,8,mean participant-level r_cv_norm in language fROIs
Baseline 200,AuriStream-MTP 7B 40Pred,23,0.2395833333333333,0.0860063813637192,0.0244029814021703,8,mean participant-level r_cv_norm in language fROIs
Baseline 200,AuriStream-MTP 7B 40Pred,24,0.25,0.0819309306290251,0.0252329385920333,8,mean participant-level r_cv_norm in language fROIs
Baseline 200,AuriStream-MTP 7B 40Pred,25,0.2604166666666667,0.0897499174802454,0.0246633190623742,8,mean participant-level r_cv_norm in language fROIs
Baseline 200,AuriStream-MTP 7B 40Pred,26,0.2708333333333333,0.0861946443514082,0.0241372380809972,8,mean participant-level r_cv_norm in language fROIs
Baseline 200,AuriStream-MTP 7B 40Pred,27,0.28125,0.0890870863044039,0.0235447256991068,8,mean participant-level r_cv_norm in language fROIs
Baseline 200,AuriStream-MTP 7B 40Pred,28,0.2916666666666667,0.0908496696529916,0.0237722797947074,8,mean participant-level r_cv_norm in language fROIs
Baseline 200,AuriStream-MTP 7B 40Pred,29,0.3020833333333333,0.0949343477324633,0.0237739823023815,8,mean participant-level r_cv_norm in language fROIs
Baseline 200,AuriStream-MTP 7B 40Pred,30,0.3125,0.0945113154457324,0.0216625017846885,8,mean participant-level r_cv_norm in language fROIs
Baseline 200,AuriStream-MTP 7B 40Pred,31,0.3229166666666667,0.0940096631635737,0.0210764926461563,8,mean participant-level r_cv_norm in language fROIs
Baseline 200,AuriStream-MTP 7B 40Pred,32,0.3333333333333333,0.0939086479654501,0.0203580199379314,8,mean participant-level r_cv_norm in language fROIs
Baseline 200,AuriStream-MTP 7B 40Pred,33,0.34375,0.0913730710965243,0.0201814127062012,8,mean participant-level r_cv_norm in language fROIs
Baseline 200,AuriStream-MTP 7B 40Pred,34,0.3541666666666667,0.0931615697980468,0.0192206385683883,8,mean participant-level r_cv_norm in language fROIs
Baseline 200,AuriStream-MTP 7B 40Pred,35,0.3645833333333333,0.1004808788248909,0.0190948420717377,8,mean participant-level r_cv_norm in language fROIs
Baseline 200,AuriStream-MTP 7B 40Pred,36,0.375,0.101577799463636,0.0180015294617082,8,mean participant-level r_cv_norm in language fROIs
Baseline 200,AuriStream-MTP 7B 40Pred,37,0.3854166666666667,0.1005112022769749,0.0167096779628454,8,mean participant-level r_cv_norm in language fROIs
Baseline 200,AuriStream-MTP 7B 40Pred,38,0.3958333333333333,0.0979566277397655,0.0169442766010615,8,mean participant-level r_cv_norm in language fROIs
Baseline 200,AuriStream-MTP 7B 40Pred,39,0.40625,0.1020414855196077,0.0159153926196342,8,mean participant-level r_cv_norm in language fROIs
Baseline 200,AuriStream-MTP 7B 40Pred,40,0.4166666666666667,0.0964699605567728,0.016857038669836,8,mean participant-level r_cv_norm in language fROIs
Baseline 200,AuriStream-MTP 7B 40Pred,41,0.4270833333333333,0.0944698891792307,0.0168237392209967,8,mean participant-level r_cv_norm in language fROIs
Baseline 200,AuriStream-MTP 7B 40Pred,42,0.4375,0.100663889145024,0.0159917313202036,8,mean participant-level r_cv_norm in language fROIs
Baseline 200,AuriStream-MTP 7B 40Pred,43,0.4479166666666667,0.1064210983974998,0.0152005849359312,8,mean participant-level r_cv_norm in language fROIs
Baseline 200,AuriStream-MTP 7B 40Pred,44,0.4583333333333333,0.1073077693649375,0.0156064856956638,8,mean participant-level r_cv_norm in language fROIs
Baseline 200,AuriStream-MTP 7B 40Pred,45,0.46875,0.1086504180258819,0.0151836095203647,8,mean participant-level r_cv_norm in language fROIs
Baseline 200,AuriStream-MTP 7B 40Pred,46,0.4791666666666667,0.116330468064452,0.0161085180312453,8,mean participant-level r_cv_norm in language fROIs
Baseline 200,AuriStream-MTP 7B 40Pred,47,0.4895833333333333,0.1140239649136374,0.0143152837429336,8,mean participant-level r_cv_norm in language fROIs
Baseline 200,AuriStream-MTP 7B 40Pred,48,0.5,0.125341760147934,0.0156595389754183,8,mean participant-level r_cv_norm in language fROIs
Baseline 200,AuriStream-MTP 7B 40Pred,49,0.5104166666666666,0.1289350736251962,0.0150250274837074,8,mean participant-level r_cv_norm in language fROIs
Baseline 200,AuriStream-MTP 7B 40Pred,50,0.5208333333333334,0.1392411350079578,0.0165437937677073,8,mean participant-level r_cv_norm in language fROIs
Baseline 200,AuriStream-MTP 7B 40Pred,51,0.53125,0.1569036179237256,0.0151314681446772,8,mean participant-level r_cv_norm in language fROIs
Baseline 200,AuriStream-MTP 7B 40Pred,52,0.5416666666666666,0.1666359341004159,0.0142697921635041,8,mean participant-level r_cv_norm in language fROIs
Baseline 200,AuriStream-MTP 7B 40Pred,53,0.5520833333333334,0.176733829008109,0.0152240636817985,8,mean participant-level r_cv_norm in language fROIs
Baseline 200,AuriStream-MTP 7B 40Pred,54,0.5625,0.1892486761106749,0.0181204296667145,8,mean participant-level r_cv_norm in language fROIs
Baseline 200,AuriStream-MTP 7B 40Pred,55,0.5729166666666666,0.2097947020074727,0.0190775918918064,8,mean participant-level r_cv_norm in language fROIs
Baseline 200,AuriStream-MTP 7B 40Pred,56,0.5833333333333334,0.2527914250011762,0.0228350912508218,8,mean participant-level r_cv_norm in language fROIs
Baseline 200,AuriStream-MTP 7B 40Pred,57,0.59375,0.2854724465716131,0.025750167012558,8,mean participant-level r_cv_norm in language fROIs
Baseline 200,AuriStream-MTP 7B 40Pred,58,0.6041666666666666,0.3256717569551228,0.0248986567454217,8,mean participant-level r_cv_norm in language fROIs
Baseline 200,AuriStream-MTP 7B 40Pred,59,0.6145833333333334,0.3651988683308204,0.0256280559289345,8,mean participant-level r_cv_norm in language fROIs
Baseline 200,AuriStream-MTP 7B 40Pred,60,0.625,0.4002323533366403,0.0221931162739681,8,mean participant-level r_cv_norm in language fROIs
Baseline 200,AuriStream-MTP 7B 40Pred,61,0.6354166666666666,0.4421015462948609,0.0219425785686134,8,mean participant-level r_cv_norm in language fROIs
Baseline 200,AuriStream-MTP 7B 40Pred,62,0.6458333333333334,0.4638023735962441,0.023374536963143,8,mean participant-level r_cv_norm in language fROIs
Baseline 200,AuriStream-MTP 7B 40Pred,63,0.65625,0.4848699033872481,0.0223663454238048,8,mean participant-level r_cv_norm in language fROIs
Baseline 200,AuriStream-MTP 7B 40Pred,64,0.6666666666666666,0.4827657502871386,0.0200190256917166,8,mean participant-level r_cv_norm in language fROIs
Baseline 200,AuriStream-MTP 7B 40Pred,65,0.6770833333333334,0.4791296699378793,0.019638681385225,8,mean participant-level r_cv_norm in language fROIs
Baseline 200,AuriStream-MTP 7B 40Pred,66,0.6875,0.46430254078874,0.0222623966479302,8,mean participant-level r_cv_norm in language fROIs
Baseline 200,AuriStream-MTP 7B 40Pred,67,0.6979166666666666,0.4735154443985004,0.0239122172267163,8,mean participant-level r_cv_norm in language fROIs
Baseline 200,AuriStream-MTP 7B 40Pred,68,0.7083333333333334,0.4815166079524137,0.0263435625087041,8,mean participant-level r_cv_norm in language fROIs
Baseline 200,AuriStream-MTP 7B 40Pred,69,0.71875,0.4665461064789452,0.0291587157814128,8,mean participant-level r_cv_norm in language fROIs
Baseline 200,AuriStream-MTP 7B 40Pred,70,0.7291666666666666,0.450283875202796,0.0303344258379142,8,mean participant-level r_cv_norm in language fROIs
Baseline 200,AuriStream-MTP 7B 40Pred,71,0.7395833333333334,0.4306928403894501,0.0342846439717751,8,mean participant-level r_cv_norm in language fROIs
Baseline 200,AuriStream-MTP 7B 40Pred,72,0.75,0.3994044242421419,0.035296884857612,8,mean participant-level r_cv_norm in language fROIs
Baseline 200,AuriStream-MTP 7B 40Pred,73,0.7604166666666666,0.3729421179098394,0.0349023563065287,8,mean participant-level r_cv_norm in language fROIs
Baseline 200,AuriStream-MTP 7B 40Pred,74,0.7708333333333334,0.3504812959532434,0.0334725046769188,8,mean participant-level r_cv_norm in language fROIs
Baseline 200,AuriStream-MTP 7B 40Pred,75,0.78125,0.3377712126154935,0.03265580310982,8,mean participant-level r_cv_norm in language fROIs
Baseline 200,AuriStream-MTP 7B 40Pred,76,0.7916666666666666,0.3191232924927604,0.0316686590582208,8,mean participant-level r_cv_norm in language fROIs
Baseline 200,AuriStream-MTP 7B 40Pred,77,0.8020833333333334,0.2998927967269593,0.031426875497063,8,mean participant-level r_cv_norm in language fROIs
Baseline 200,AuriStream-MTP 7B 40Pred,78,0.8125,0.2913920630723179,0.0293434444932969,8,mean participant-level r_cv_norm in language fROIs
Baseline 200,AuriStream-MTP 7B 40Pred,79,0.8229166666666666,0.2799602695706303,0.0287738987081757,8,mean participant-level r_cv_norm in language fROIs
Baseline 200,AuriStream-MTP 7B 40Pred,80,0.8333333333333334,0.2806122268678249,0.0293205637419827,8,mean participant-level r_cv_norm in language fROIs
Baseline 200,AuriStream-MTP 7B 40Pred,81,0.84375,0.2715405357277289,0.0286750876767987,8,mean participant-level r_cv_norm in language fROIs
Baseline 200,AuriStream-MTP 7B 40Pred,82,0.8541666666666666,0.2658201288828977,0.0292096605044462,8,mean participant-level r_cv_norm in language fROIs
Baseline 200,AuriStream-MTP 7B 40Pred,83,0.8645833333333334,0.2652993501488027,0.0289094755292055,8,mean participant-level r_cv_norm in language fROIs
Baseline 200,AuriStream-MTP 7B 40Pred,84,0.875,0.2636167263697976,0.0291162270975272,8,mean participant-level r_cv_norm in language fROIs
Baseline 200,AuriStream-MTP 7B 40Pred,85,0.8854166666666666,0.2572331582871158,0.0281619449135763,8,mean participant-level r_cv_norm in language fROIs
Baseline 200,AuriStream-MTP 7B 40Pred,86,0.8958333333333334,0.2569230547968097,0.0289858095440678,8,mean participant-level r_cv_norm in language fROIs
Baseline 200,AuriStream-MTP 7B 40Pred,87,0.90625,0.2564207871530519,0.0293768167358857,8,mean participant-level r_cv_norm in language fROIs
Baseline 200,AuriStream-MTP 7B 40Pred,88,0.9166666666666666,0.2586190638933983,0.0290085991443906,8,mean participant-level r_cv_norm in language fROIs
Baseline 200,AuriStream-MTP 7B 40Pred,89,0.9270833333333334,0.2599021384379823,0.0287584857311023,8,mean participant-level r_cv_norm in language fROIs
Baseline 200,AuriStream-MTP 7B 40Pred,90,0.9375,0.2591047341391475,0.0291327723675827,8,mean participant-level r_cv_norm in language fROIs
Baseline 200,AuriStream-MTP 7B 40Pred,91,0.9479166666666666,0.254564255688755,0.0290004494021596,8,mean participant-level r_cv_norm in language fROIs
Baseline 200,AuriStream-MTP 7B 40Pred,92,0.9583333333333334,0.2491300949544151,0.0291794707787633,8,mean participant-level r_cv_norm in language fROIs
Baseline 200,AuriStream-MTP 7B 40Pred,93,0.96875,0.2416203603359605,0.0311091107195557,8,mean participant-level r_cv_norm in language fROIs
Baseline 200,AuriStream-MTP 7B 40Pred,94,0.9791666666666666,0.2372246434867377,0.0308865115890487,8,mean participant-level r_cv_norm in language fROIs
Baseline 200,AuriStream-MTP 7B 40Pred,95,0.9895833333333334,0.2312729751085711,0.0311661729326765,8,mean participant-level r_cv_norm in language fROIs
Baseline 200,AuriStream-MTP 7B 40Pred,96,1.0,0.1974779549866885,0.0264998460386301,8,mean participant-level r_cv_norm in language fROIs
Natural Stories,AuriStream-MTP 7B 40Pred,0,0.0,0.0795573118701216,0.0409423969258865,9,mean held-out-story Pearson r
Natural Stories,AuriStream-MTP 7B 40Pred,1,0.010416666666666666,0.0843109557562509,0.0245929183592674,9,mean held-out-story Pearson r
Natural Stories,AuriStream-MTP 7B 40Pred,2,0.020833333333333332,0.0716347729494641,0.0354199363963709,9,mean held-out-story Pearson r
Natural Stories,AuriStream-MTP 7B 40Pred,3,0.03125,0.0976703104463359,0.0393491629011058,9,mean held-out-story Pearson r
Natural Stories,AuriStream-MTP 7B 40Pred,4,0.041666666666666664,0.0662133715400173,0.0486674707546214,9,mean held-out-story Pearson r
Natural Stories,AuriStream-MTP 7B 40Pred,5,0.052083333333333336,0.0669939417580749,0.0516549456853546,9,mean held-out-story Pearson r
Natural Stories,AuriStream-MTP 7B 40Pred,6,0.0625,0.0624354560596981,0.0549329029009569,9,mean held-out-story Pearson r
Natural Stories,AuriStream-MTP 7B 40Pred,7,0.07291666666666667,0.1052740315415621,0.0411636940506346,9,mean held-out-story Pearson r
Natural Stories,AuriStream-MTP 7B 40Pred,8,0.08333333333333333,0.1187614498300705,0.0442581101010631,9,mean held-out-story Pearson r
Natural Stories,AuriStream-MTP 7B 40Pred,9,0.09375,0.0629079779895283,0.0436702151279001,9,mean held-out-story Pearson r
Natural Stories,AuriStream-MTP 7B 40Pred,10,0.10416666666666667,0.0702524458755346,0.0322098092802251,9,mean held-out-story Pearson r
Natural Stories,AuriStream-MTP 7B 40Pred,11,0.11458333333333333,0.0423599684063908,0.0201157648193821,9,mean held-out-story Pearson r
Natural Stories,AuriStream-MTP 7B 40Pred,12,0.125,0.0793769174633868,0.0220548332689939,9,mean held-out-story Pearson r
Natural Stories,AuriStream-MTP 7B 40Pred,13,0.13541666666666666,0.0938747569534835,0.0350451886572542,9,mean held-out-story Pearson r
Natural Stories,AuriStream-MTP 7B 40Pred,14,0.14583333333333334,0.0629176440126227,0.0440182535735757,9,mean held-out-story Pearson r
Natural Stories,AuriStream-MTP 7B 40Pred,15,0.15625,0.0639993968666786,0.039696806407752,9,mean held-out-story Pearson r
Natural Stories,AuriStream-MTP 7B 40Pred,16,0.16666666666666666,0.0546709453509437,0.0327260455270499,9,mean held-out-story Pearson r
Natural Stories,AuriStream-MTP 7B 40Pred,17,0.17708333333333334,0.0518783433948508,0.0408604234329554,9,mean held-out-story Pearson r
Natural Stories,AuriStream-MTP 7B 40Pred,18,0.1875,0.0930009924123974,0.0216144407311185,9,mean held-out-story Pearson r
Natural Stories,AuriStream-MTP 7B 40Pred,19,0.19791666666666666,0.0607848037227593,0.0346169219906083,9,mean held-out-story Pearson r
Natural Stories,AuriStream-MTP 7B 40Pred,20,0.20833333333333334,0.1013005291373093,0.0262176278623697,9,mean held-out-story Pearson r
Natural Stories,AuriStream-MTP 7B 40Pred,21,0.21875,0.084513858497984,0.0371670374048559,9,mean held-out-story Pearson r
Natural Stories,AuriStream-MTP 7B 40Pred,22,0.22916666666666666,0.0898125676575775,0.0364140853995905,9,mean held-out-story Pearson r
Natural Stories,AuriStream-MTP 7B 40Pred,23,0.23958333333333334,0.1271998257770484,0.0277725492127859,9,mean held-out-story Pearson r
Natural Stories,AuriStream-MTP 7B 40Pred,24,0.25,0.1160654773461959,0.0223390867272716,9,mean held-out-story Pearson r
Natural Stories,AuriStream-MTP 7B 40Pred,25,0.2604166666666667,0.1231456637646174,0.0248536098267561,9,mean held-out-story Pearson r
Natural Stories,AuriStream-MTP 7B 40Pred,26,0.2708333333333333,0.1299827330113203,0.0351663830178143,9,mean held-out-story Pearson r
Natural Stories,AuriStream-MTP 7B 40Pred,27,0.28125,0.1211916960172153,0.0317825599124464,9,mean held-out-story Pearson r
Natural Stories,AuriStream-MTP 7B 40Pred,28,0.2916666666666667,0.1314821148043632,0.0107549187120829,9,mean held-out-story Pearson r
Natural Stories,AuriStream-MTP 7B 40Pred,29,0.3020833333333333,0.1435415110682499,0.0249099639630902,9,mean held-out-story Pearson r
Natural Stories,AuriStream-MTP 7B 40Pred,30,0.3125,0.135184231223068,0.0315649772367903,9,mean held-out-story Pearson r
Natural Stories,AuriStream-MTP 7B 40Pred,31,0.3229166666666667,0.0763293053399369,0.0282440807107892,9,mean held-out-story Pearson r
Natural Stories,AuriStream-MTP 7B 40Pred,32,0.3333333333333333,0.0861133552607145,0.0364926873293569,9,mean held-out-story Pearson r
Natural Stories,AuriStream-MTP 7B 40Pred,33,0.34375,0.0584695757083932,0.0438220496842668,9,mean held-out-story Pearson r
Natural Stories,AuriStream-MTP 7B 40Pred,34,0.3541666666666667,0.0590001529656903,0.0363185774360059,9,mean held-out-story Pearson r
Natural Stories,AuriStream-MTP 7B 40Pred,35,0.3645833333333333,0.0553581830514617,0.0365868175697975,9,mean held-out-story Pearson r
Natural Stories,AuriStream-MTP 7B 40Pred,36,0.375,0.0528912594307537,0.0384344345254793,9,mean held-out-story Pearson r
Natural Stories,AuriStream-MTP 7B 40Pred,37,0.3854166666666667,0.0407186679139143,0.0513824513313208,9,mean held-out-story Pearson r
Natural Stories,AuriStream-MTP 7B 40Pred,38,0.3958333333333333,0.0503351519695656,0.0561327106995856,9,mean held-out-story Pearson r
Natural Stories,AuriStream-MTP 7B 40Pred,39,0.40625,0.071004191791032,0.0595087754902689,9,mean held-out-story Pearson r
Natural Stories,AuriStream-MTP 7B 40Pred,40,0.4166666666666667,0.0315889475538027,0.0622931181503407,9,mean held-out-story Pearson r
Natural Stories,AuriStream-MTP 7B 40Pred,41,0.4270833333333333,0.0224543278698768,0.0608780829900897,9,mean held-out-story Pearson r
Natural Stories,AuriStream-MTP 7B 40Pred,42,0.4375,0.0443320149380274,0.0563416794179381,9,mean held-out-story Pearson r
Natural Stories,AuriStream-MTP 7B 40Pred,43,0.4479166666666667,0.0671887438999852,0.0489037350072616,9,mean held-out-story Pearson r
Natural Stories,AuriStream-MTP 7B 40Pred,44,0.4583333333333333,0.0679638268350317,0.0458915493860834,9,mean held-out-story Pearson r
Natural Stories,AuriStream-MTP 7B 40Pred,45,0.46875,0.0690302241838797,0.0601457375338666,9,mean held-out-story Pearson r
Natural Stories,AuriStream-MTP 7B 40Pred,46,0.4791666666666667,0.0921079421565921,0.0598709555149349,9,mean held-out-story Pearson r
Natural Stories,AuriStream-MTP 7B 40Pred,47,0.4895833333333333,0.0986404094151138,0.0547973751886154,9,mean held-out-story Pearson r
Natural Stories,AuriStream-MTP 7B 40Pred,48,0.5,0.114115674362447,0.0523583239901658,9,mean held-out-story Pearson r
Natural Stories,AuriStream-MTP 7B 40Pred,49,0.5104166666666666,0.1050859191669869,0.0455342592564723,9,mean held-out-story Pearson r
Natural Stories,AuriStream-MTP 7B 40Pred,50,0.5208333333333334,0.1123148899825502,0.0456852882911299,9,mean held-out-story Pearson r
Natural Stories,AuriStream-MTP 7B 40Pred,51,0.53125,0.1113766666848078,0.0385127527347483,9,mean held-out-story Pearson r
Natural Stories,AuriStream-MTP 7B 40Pred,52,0.5416666666666666,0.119605910891571,0.0454541391317973,9,mean held-out-story Pearson r
Natural Stories,AuriStream-MTP 7B 40Pred,53,0.5520833333333334,0.1397686687199906,0.0571342171368013,9,mean held-out-story Pearson r
Natural Stories,AuriStream-MTP 7B 40Pred,54,0.5625,0.1353982157844019,0.050381465242356,9,mean held-out-story Pearson r
Natural Stories,AuriStream-MTP 7B 40Pred,55,0.5729166666666666,0.1544032191928083,0.0531988334984507,9,mean held-out-story Pearson r
Natural Stories,AuriStream-MTP 7B 40Pred,56,0.5833333333333334,0.1631805266049645,0.0484066659153732,9,mean held-out-story Pearson r
Natural Stories,AuriStream-MTP 7B 40Pred,57,0.59375,0.1992788030905604,0.052284421475101,9,mean held-out-story Pearson r
Natural Stories,AuriStream-MTP 7B 40Pred,58,0.6041666666666666,0.2439377555860883,0.055597901684803,9,mean held-out-story Pearson r
Natural Stories,AuriStream-MTP 7B 40Pred,59,0.6145833333333334,0.2358073876321801,0.0503665903794545,9,mean held-out-story Pearson r
Natural Stories,AuriStream-MTP 7B 40Pred,60,0.625,0.2117164458911229,0.0553201507521198,9,mean held-out-story Pearson r
Natural Stories,AuriStream-MTP 7B 40Pred,61,0.6354166666666666,0.2581307607990759,0.0585270667512746,9,mean held-out-story Pearson r
Natural Stories,AuriStream-MTP 7B 40Pred,62,0.6458333333333334,0.3039912002081276,0.0482784098681446,9,mean held-out-story Pearson r
Natural Stories,AuriStream-MTP 7B 40Pred,63,0.65625,0.2683157351287361,0.0469557658894929,9,mean held-out-story Pearson r
Natural Stories,AuriStream-MTP 7B 40Pred,64,0.6666666666666666,0.3064977151021452,0.0475482600503739,9,mean held-out-story Pearson r
Natural Stories,AuriStream-MTP 7B 40Pred,65,0.6770833333333334,0.278770700016768,0.0319603119861066,9,mean held-out-story Pearson r
Natural Stories,AuriStream-MTP 7B 40Pred,66,0.6875,0.306068220130543,0.0286053750675263,9,mean held-out-story Pearson r
Natural Stories,AuriStream-MTP 7B 40Pred,67,0.6979166666666666,0.3128241573146437,0.0282817618907604,9,mean held-out-story Pearson r
Natural Stories,AuriStream-MTP 7B 40Pred,68,0.7083333333333334,0.2882606129189106,0.029720507694534,9,mean held-out-story Pearson r
Natural Stories,AuriStream-MTP 7B 40Pred,69,0.71875,0.2915130310564214,0.0326742777058955,9,mean held-out-story Pearson r
Natural Stories,AuriStream-MTP 7B 40Pred,70,0.7291666666666666,0.2776743852343735,0.0417005112706128,9,mean held-out-story Pearson r
Natural Stories,AuriStream-MTP 7B 40Pred,71,0.7395833333333334,0.2705430819667074,0.0376262600467705,9,mean held-out-story Pearson r
Natural Stories,AuriStream-MTP 7B 40Pred,72,0.75,0.2639957943894885,0.0456279125618068,9,mean held-out-story Pearson r
Natural Stories,AuriStream-MTP 7B 40Pred,73,0.7604166666666666,0.2892411257896114,0.0559216171544007,9,mean held-out-story Pearson r
Natural Stories,AuriStream-MTP 7B 40Pred,74,0.7708333333333334,0.2730171304651531,0.0588615055023842,9,mean held-out-story Pearson r
Natural Stories,AuriStream-MTP 7B 40Pred,75,0.78125,0.2560664070309466,0.0652606295251308,9,mean held-out-story Pearson r
Natural Stories,AuriStream-MTP 7B 40Pred,76,0.7916666666666666,0.2445005408337086,0.0602536610188232,9,mean held-out-story Pearson r
Natural Stories,AuriStream-MTP 7B 40Pred,77,0.8020833333333334,0.2487888582414991,0.0500455175494014,9,mean held-out-story Pearson r
Natural Stories,AuriStream-MTP 7B 40Pred,78,0.8125,0.2490017418215196,0.0471305239897294,9,mean held-out-story Pearson r
Natural Stories,AuriStream-MTP 7B 40Pred,79,0.8229166666666666,0.2429176874408079,0.0426624440863393,9,mean held-out-story Pearson r
Natural Stories,AuriStream-MTP 7B 40Pred,80,0.8333333333333334,0.2273655704928151,0.0377542507447243,9,mean held-out-story Pearson r
Natural Stories,AuriStream-MTP 7B 40Pred,81,0.84375,0.1953444491301608,0.0410388480511533,9,mean held-out-story Pearson r
Natural Stories,AuriStream-MTP 7B 40Pred,82,0.8541666666666666,0.2041437665335652,0.0413794692085128,9,mean held-out-story Pearson r
Natural Stories,AuriStream-MTP 7B 40Pred,83,0.8645833333333334,0.2010096554326348,0.0367925539064272,9,mean held-out-story Pearson r
Natural Stories,AuriStream-MTP 7B 40Pred,84,0.875,0.1987525424836773,0.0374259528926653,9,mean held-out-story Pearson r
Natural Stories,AuriStream-MTP 7B 40Pred,85,0.8854166666666666,0.2036727486974839,0.032327334538311,9,mean held-out-story Pearson r
Natural Stories,AuriStream-MTP 7B 40Pred,86,0.8958333333333334,0.2182447903699388,0.0394174516906108,9,mean held-out-story Pearson r
Natural Stories,AuriStream-MTP 7B 40Pred,87,0.90625,0.211060824311464,0.0394658156013856,9,mean held-out-story Pearson r
Natural Stories,AuriStream-MTP 7B 40Pred,88,0.9166666666666666,0.1816941432407737,0.0318295347752606,9,mean held-out-story Pearson r
Natural Stories,AuriStream-MTP 7B 40Pred,89,0.9270833333333334,0.1716466892560146,0.0345891452298212,9,mean held-out-story Pearson r
Natural Stories,AuriStream-MTP 7B 40Pred,90,0.9375,0.1665124222560864,0.027138072913854,9,mean held-out-story Pearson r
Natural Stories,AuriStream-MTP 7B 40Pred,91,0.9479166666666666,0.1493539922886826,0.0322048863228933,9,mean held-out-story Pearson r
Natural Stories,AuriStream-MTP 7B 40Pred,92,0.9583333333333334,0.1273797746049416,0.0347136295274192,9,mean held-out-story Pearson r
Natural Stories,AuriStream-MTP 7B 40Pred,93,0.96875,0.1337020079900255,0.0304137501873877,9,mean held-out-story Pearson r
Natural Stories,AuriStream-MTP 7B 40Pred,94,0.9791666666666666,0.1190233249375035,0.0355641771983408,9,mean held-out-story Pearson r
Natural Stories,AuriStream-MTP 7B 40Pred,95,0.9895833333333334,0.0884680624336479,0.0352306689051853,9,mean held-out-story Pearson r
Natural Stories,AuriStream-MTP 7B 40Pred,96,1.0,0.1202669746303743,0.0300095062499999,9,mean held-out-story Pearson r
Natural Stories,7B 40Pred untrained,0,0.0,0.0877256807202441,0.0381411885283006,9,mean held-out-story Pearson r
Natural Stories,7B 40Pred untrained,1,0.010416666666666666,0.0934631169767119,0.0370401590124679,9,mean held-out-story Pearson r
Natural Stories,7B 40Pred untrained,2,0.020833333333333332,0.0898833361679879,0.0373967618702281,9,mean held-out-story Pearson r
Natural Stories,7B 40Pred untrained,3,0.03125,0.1031835990328857,0.0373854269416047,9,mean held-out-story Pearson r
Natural Stories,7B 40Pred untrained,4,0.041666666666666664,0.1109250208618607,0.0356875274248109,9,mean held-out-story Pearson r
Natural Stories,7B 40Pred untrained,5,0.052083333333333336,0.0995974938851928,0.0356992653658598,9,mean held-out-story Pearson r
Natural Stories,7B 40Pred untrained,6,0.0625,0.0974179747667192,0.0361078247932891,9,mean held-out-story Pearson r
Natural Stories,7B 40Pred untrained,7,0.07291666666666667,0.1022312565953142,0.0300324934941081,9,mean held-out-story Pearson r
Natural Stories,7B 40Pred untrained,8,0.08333333333333333,0.1016106487740307,0.0272936723706093,9,mean held-out-story Pearson r
Natural Stories,7B 40Pred untrained,9,0.09375,0.1050848402953589,0.0249603280443347,9,mean held-out-story Pearson r
Natural Stories,7B 40Pred untrained,10,0.10416666666666667,0.1132951886469811,0.0294820969203804,9,mean held-out-story Pearson r
Natural Stories,7B 40Pred untrained,11,0.11458333333333333,0.1114086402713996,0.0312852660761164,9,mean held-out-story Pearson r
Natural Stories,7B 40Pred untrained,12,0.125,0.1217884890373081,0.0327875129010345,9,mean held-out-story Pearson r
Natural Stories,7B 40Pred untrained,13,0.13541666666666666,0.1412309475168157,0.0286816751763294,9,mean held-out-story Pearson r
Natural Stories,7B 40Pred untrained,14,0.14583333333333334,0.125118638686168,0.0318801372431845,9,mean held-out-story Pearson r
Natural Stories,7B 40Pred untrained,15,0.15625,0.1296858876278087,0.0356137041144585,9,mean held-out-story Pearson r
Natural Stories,7B 40Pred untrained,16,0.16666666666666666,0.1464411606422496,0.0313036688922815,9,mean held-out-story Pearson r
Natural Stories,7B 40Pred untrained,17,0.17708333333333334,0.1715060429137368,0.0308684973231649,9,mean held-out-story Pearson r
Natural Stories,7B 40Pred untrained,18,0.1875,0.1721290449903568,0.027322470485189,9,mean held-out-story Pearson r
Natural Stories,7B 40Pred untrained,19,0.19791666666666666,0.1669649331208556,0.0313915842703785,9,mean held-out-story Pearson r
Natural Stories,7B 40Pred untrained,20,0.20833333333333334,0.1731205281257618,0.0345343276747056,9,mean held-out-story Pearson r
Natural Stories,7B 40Pred untrained,21,0.21875,0.1648820763723145,0.0371149206062512,9,mean held-out-story Pearson r
Natural Stories,7B 40Pred untrained,22,0.22916666666666666,0.1645247628458717,0.0343378068529553,9,mean held-out-story Pearson r
Natural Stories,7B 40Pred untrained,23,0.23958333333333334,0.1499298653085608,0.0351075256350114,9,mean held-out-story Pearson r
Natural Stories,7B 40Pred untrained,24,0.25,0.1702692530688205,0.0382721548351064,9,mean held-out-story Pearson r
Natural Stories,7B 40Pred untrained,25,0.2604166666666667,0.1791027169975492,0.0401201061516252,9,mean held-out-story Pearson r
Natural Stories,7B 40Pred untrained,26,0.2708333333333333,0.1744865037118667,0.0384039386139289,9,mean held-out-story Pearson r
Natural Stories,7B 40Pred untrained,27,0.28125,0.1786343102845717,0.038139439669369,9,mean held-out-story Pearson r
Natural Stories,7B 40Pred untrained,28,0.2916666666666667,0.1770078412124703,0.0365107781982191,9,mean held-out-story Pearson r
Natural Stories,7B 40Pred untrained,29,0.3020833333333333,0.1663917192544649,0.0366969806153775,9,mean held-out-story Pearson r
Natural Stories,7B 40Pred untrained,30,0.3125,0.1569735485230692,0.0402130470308033,9,mean held-out-story Pearson r
Natural Stories,7B 40Pred untrained,31,0.3229166666666667,0.1430864956831015,0.0391334476108839,9,mean held-out-story Pearson r
Natural Stories,7B 40Pred untrained,32,0.3333333333333333,0.1389393709107148,0.0376072896190063,9,mean held-out-story Pearson r
Natural Stories,7B 40Pred untrained,33,0.34375,0.1478270790521408,0.040586858515224,9,mean held-out-story Pearson r
Natural Stories,7B 40Pred untrained,34,0.3541666666666667,0.1321113218450346,0.0409995397750204,9,mean held-out-story Pearson r
Natural Stories,7B 40Pred untrained,35,0.3645833333333333,0.1364217419000092,0.042017447135912,9,mean held-out-story Pearson r
Natural Stories,7B 40Pred untrained,36,0.375,0.1646985658211834,0.0416663889079504,9,mean held-out-story Pearson r
Natural Stories,7B 40Pred untrained,37,0.3854166666666667,0.1452278236890663,0.0442043539454474,9,mean held-out-story Pearson r
Natural Stories,7B 40Pred untrained,38,0.3958333333333333,0.1366256741476768,0.041507089364957,9,mean held-out-story Pearson r
Natural Stories,7B 40Pred untrained,39,0.40625,0.1512461188095138,0.0360550479795159,9,mean held-out-story Pearson r
Natural Stories,7B 40Pred untrained,40,0.4166666666666667,0.1279010172497681,0.0336720708720098,9,mean held-out-story Pearson r
Natural Stories,7B 40Pred untrained,41,0.4270833333333333,0.1189065919671686,0.0377169712022038,9,mean held-out-story Pearson r
Natural Stories,7B 40Pred untrained,42,0.4375,0.1258770208283038,0.0368098170335047,9,mean held-out-story Pearson r
Natural Stories,7B 40Pred untrained,43,0.4479166666666667,0.1213036040780232,0.0364710794891573,9,mean held-out-story Pearson r
Natural Stories,7B 40Pred untrained,44,0.4583333333333333,0.1249618165772445,0.0362736657636308,9,mean held-out-story Pearson r
Natural Stories,7B 40Pred untrained,45,0.46875,0.1185201436420084,0.037727218840119,9,mean held-out-story Pearson r
Natural Stories,7B 40Pred untrained,46,0.4791666666666667,0.1172623850534552,0.0377596886536564,9,mean held-out-story Pearson r
Natural Stories,7B 40Pred untrained,47,0.4895833333333333,0.1195113853834505,0.0369980165743229,9,mean held-out-story Pearson r
Natural Stories,7B 40Pred untrained,48,0.5,0.1194680506003729,0.0376983201746195,9,mean held-out-story Pearson r
Natural Stories,7B 40Pred untrained,49,0.5104166666666666,0.1177980973142068,0.0388026584502203,9,mean held-out-story Pearson r
Natural Stories,7B 40Pred untrained,50,0.5208333333333334,0.1131545150935931,0.0380606092813123,9,mean held-out-story Pearson r
Natural Stories,7B 40Pred untrained,51,0.53125,0.1151993181601444,0.0374795747253819,9,mean held-out-story Pearson r
Natural Stories,7B 40Pred untrained,52,0.5416666666666666,0.1072638411177747,0.037808785923624,9,mean held-out-story Pearson r
Natural Stories,7B 40Pred untrained,53,0.5520833333333334,0.1102898981770813,0.0365592432731457,9,mean held-out-story Pearson r
Natural Stories,7B 40Pred untrained,54,0.5625,0.1012169912313834,0.0362132913650029,9,mean held-out-story Pearson r
Natural Stories,7B 40Pred untrained,55,0.5729166666666666,0.1056065481951862,0.0353430549957739,9,mean held-out-story Pearson r
Natural Stories,7B 40Pred untrained,56,0.5833333333333334,0.1142778860828271,0.0356480494889785,9,mean held-out-story Pearson r
Natural Stories,7B 40Pred untrained,57,0.59375,0.1063583598981242,0.0365287558675349,9,mean held-out-story Pearson r
Natural Stories,7B 40Pred untrained,58,0.6041666666666666,0.1058621380039438,0.0353670574196873,9,mean held-out-story Pearson r
Natural Stories,7B 40Pred untrained,59,0.6145833333333334,0.1106269360419854,0.034341914861844,9,mean held-out-story Pearson r
Natural Stories,7B 40Pred untrained,60,0.625,0.1082121512014808,0.0339756914776524,9,mean held-out-story Pearson r
Natural Stories,7B 40Pred untrained,61,0.6354166666666666,0.1105763683762757,0.033099901358658,9,mean held-out-story Pearson r
Natural Stories,7B 40Pred untrained,62,0.6458333333333334,0.1109267317782411,0.0329996577421197,9,mean held-out-story Pearson r
Natural Stories,7B 40Pred untrained,63,0.65625,0.1126847850395001,0.0330410454487234,9,mean held-out-story Pearson r
Natural Stories,7B 40Pred untrained,64,0.6666666666666666,0.1105291968328713,0.0314148286933288,9,mean held-out-story Pearson r
Natural Stories,7B 40Pred untrained,65,0.6770833333333334,0.1079140310523146,0.030091635856292,9,mean held-out-story Pearson r
Natural Stories,7B 40Pred untrained,66,0.6875,0.1132540324459155,0.0291920466087296,9,mean held-out-story Pearson r
Natural Stories,7B 40Pred untrained,67,0.6979166666666666,0.1121090216387943,0.0292911764931732,9,mean held-out-story Pearson r
Natural Stories,7B 40Pred untrained,68,0.7083333333333334,0.1089636385038605,0.0294784528562469,9,mean held-out-story Pearson r
Natural Stories,7B 40Pred untrained,69,0.71875,0.1086204736225091,0.0281298310048591,9,mean held-out-story Pearson r
Natural Stories,7B 40Pred untrained,70,0.7291666666666666,0.1128905199365785,0.0278763377328154,9,mean held-out-story Pearson r
Natural Stories,7B 40Pred untrained,71,0.7395833333333334,0.1151892995168111,0.0275511887842732,9,mean held-out-story Pearson r
Natural Stories,7B 40Pred untrained,72,0.75,0.114140473112659,0.0284395211695856,9,mean held-out-story Pearson r
Natural Stories,7B 40Pred untrained,73,0.7604166666666666,0.1095031543539522,0.0295097102429246,9,mean held-out-story Pearson r
Natural Stories,7B 40Pred untrained,74,0.7708333333333334,0.1107110074778579,0.0294398086265559,9,mean held-out-story Pearson r
Natural Stories,7B 40Pred untrained,75,0.78125,0.1120896152835627,0.0295946348358057,9,mean held-out-story Pearson r
Natural Stories,7B 40Pred untrained,76,0.7916666666666666,0.1086553540716681,0.0286226640693358,9,mean held-out-story Pearson r
Natural Stories,7B 40Pred untrained,77,0.8020833333333334,0.1115007198369956,0.0288735725081864,9,mean held-out-story Pearson r
Natural Stories,7B 40Pred untrained,78,0.8125,0.1119386446407503,0.0283251809150982,9,mean held-out-story Pearson r
Natural Stories,7B 40Pred untrained,79,0.8229166666666666,0.115987787242039,0.0286338460467566,9,mean held-out-story Pearson r
Natural Stories,7B 40Pred untrained,80,0.8333333333333334,0.1144851632459155,0.0286802814504104,9,mean held-out-story Pearson r
Natural Stories,7B 40Pred untrained,81,0.84375,0.1115464301432926,0.0281528037409646,9,mean held-out-story Pearson r
Natural Stories,7B 40Pred untrained,82,0.8541666666666666,0.1134420040804509,0.0287960689531369,9,mean held-out-story Pearson r
Natural Stories,7B 40Pred untrained,83,0.8645833333333334,0.111698839276434,0.0285752678063727,9,mean held-out-story Pearson r
Natural Stories,7B 40Pred untrained,84,0.875,0.1155506043892965,0.0285099812377871,9,mean held-out-story Pearson r
Natural Stories,7B 40Pred untrained,85,0.8854166666666666,0.1196676565479204,0.0288973724379907,9,mean held-out-story Pearson r
Natural Stories,7B 40Pred untrained,86,0.8958333333333334,0.119098754810596,0.0295981134370584,9,mean held-out-story Pearson r
Natural Stories,7B 40Pred untrained,87,0.90625,0.121977109422978,0.0297355370232857,9,mean held-out-story Pearson r
Natural Stories,7B 40Pred untrained,88,0.9166666666666666,0.1197247547934945,0.0286691661460174,9,mean held-out-story Pearson r
Natural Stories,7B 40Pred untrained,89,0.9270833333333334,0.1202244821048837,0.0285391428615295,9,mean held-out-story Pearson r
Natural Stories,7B 40Pred untrained,90,0.9375,0.1193040379848511,0.0287313301964948,9,mean held-out-story Pearson r
Natural Stories,7B 40Pred untrained,91,0.9479166666666666,0.1163093580991279,0.0291549116776401,9,mean held-out-story Pearson r
Natural Stories,7B 40Pred untrained,92,0.9583333333333334,0.1104597238217004,0.0294322586681429,9,mean held-out-story Pearson r
Natural Stories,7B 40Pred untrained,93,0.96875,0.1097652886352254,0.0299894790451626,9,mean held-out-story Pearson r
Natural Stories,7B 40Pred untrained,94,0.9791666666666666,0.1109777679969862,0.0309742625623715,9,mean held-out-story Pearson r
Natural Stories,7B 40Pred untrained,95,0.9895833333333334,0.1108351728327504,0.0313979160201564,9,mean held-out-story Pearson r
Natural Stories,7B 40Pred untrained,96,1.0,0.1155341826520574,0.0307535587084383,9,mean held-out-story Pearson r
